Property,Total Rooms,Company
Kensington Olympia,10,HFS
Luxurious Air Conditioned Apt High Street Kensington,11,HFS
Barrington Lodge,18,HFS
Wembar Hotel,23,HFS
Marble Arch Apartments,6,HFS
Cozy 1 Bedroom Flats in Paddington,4,HFS
Comfy Apartment near Hyde Park and Marble Arch,1,HFS
Two Bedroom Apartment near Hyde Park and Oxford Street,1,HFS
Superb Apartments opposite Edgware Road Station,6,HFS
Beautiful 4 Bedroom House near Paddington Station,1,HFS
Superb 2 Bedroom Apartment near Edgware Road Station,1,HFS
London Central Studios,10,HFS
Homely 3 Bedroom House in Hammersmith,1,HFS
Marylebone Apartments,9,HFS
Elegant 3 Bedrooms Apartment Near Hyde Park & Oxford St,2,HFS
Bright Apartments near Marble Arch and Hyde Park,6,HFS
Amazing 2 Bedroom Apartment near Paddington Station,1,HFS
Apartments in the Heart of High Street Kensington,3,HFS
2 Bedrooms Apartment In the Heart of Oxford Street/Selfridges,1,HFS
Central Apartments near Marble Arch,2,HFS
Fabulous House near the Science Museum,1,HFS
Nice 3 Bedrooms Apartment Near Hyde Park & Oxford St,1,HFS
Comfy Apartments near Marble Arch,3,HFS
Hyde Park Apartments,1,HFS
Wonderful Apartments near Portobello Road,4,HFS
Luxury Apartments Near Harrods and the Science Museum,8,HFS
Comfortable Apartments near Harrods,2,HFS
Gorgeous Apartment Near Hyde Park And Oxford St,1,HFS
Hyde Park Studios,6,HFS
Lovely Apartments in Landward Court,2,HFS
Bright Apartment near Hyde Park,2,HFS
Natural History Museum Apartments,1,HFS
Modern studios Malvern Road,12,Stayz
Portobello Road Artistic Studios,11,Stayz
Modern Studios Close To Hyde Park,13,Stayz
Holland Road Stays,15,Stayz
Amesterdam Hotel,27,Stayz
Harbour Flats,7,Stayz
Dubai Creek Harbour,1,Stayz
Salmon Street,1,Stayz
The Dolphin Hotel,50,HH
St Elmo Hotel,40,HH
Avalon Guest house,11,HH
The Rose and Crown Hotel,28,HH
Alumhurst Hotel,32,HH
Green Gables Hotel,49,HH
The Richmond Hotel,45,HH
Crofton House Hotel,28,HH
Number 19 Brighton,11,HH
Bank St Hotel,12,HH
Swan Lake Hotel,26,Harbour
Harbour Flats,7,Harbour
Amsterdam Hotel,27,Harbour
Sea Side Hotel,40,Harbour
Sea Shell Hotel,38,Harbour
Bonair Hotel,33,Harbour
Harbour Hotel,21,Harbour
Cambria Hotel,24,Harbour
The Cumberland Hotel,30,Harbour
North Coast Hotel,10,Harbour
Royal Hotel,45,Harbour
Citi Hotel,42,Harbour
Number 13 Brighton,10,Harbour